question,model_response,actual_answer,model_answer,correct
Evaluate $i^5+i^{-25}+i^{45}$.,"We start by simplifying each term using the properties of $i$, where $i^4 = 1$.

1. Simplify $i^5$:
   \[
   i^5 = i^4 \cdot i = 1 \cdot i = i
   \]

2. Simplify $i^{-25}$:
   \[
   i^{-25} = \frac{1}{i^{25}} = \frac{1}{i^{24} \cdot i} = \frac{1}{(i^4)^6 \cdot i} = \frac{1}{1 \cdot i} = \frac{1}{i}
   \]
   Since $\frac{1}{i} = \frac{1}{i} \cdot \frac{i}{i} = \frac{i}{i^2} = \frac{i}{-1} = -i$, we have:
   \[
   i^{-25} = -i
   \]

3. Simplify $i^{45}$:
   \[
   i^{45} = i^{44} \cdot i = (i^4)^{11} \cdot i = 1^{11} \cdot i = i
   \]

Now, add the simplified terms:
\[
i^5 + i^{-25} + i^{45} = i + (-i) + i = i - i + i = i
\]

Thus, the final answer is:
\[
\#### i
\]",45,45,True
What is the smallest value of $x$ such that $|5x - 1| = |3x + 2|$? Express your answer as a common fraction.,"To al al al 1. **Understanding the Absolute Value Equation**:
   The equation given is $|5x - 1| = |3x + 2|$. This means that the expressions inside the absolute values are either equal or negatives of each other.

2. **Setting Up the Equations**:
   We have two cases to consider:
   - Case 1: \(5x - 1 = 3x + 2\)
   - Case 2: \(5x - 1 = -(3x + 2)\)

3. **Solving Case 1**:
   \[
   5x - 1 = 3x + 2
   \]
   Subtract \(3x\) from both sides:
   \[
   2x - 1 = 2
   \]
   Add 1 to both sides:
   \[
   2x = 3
   \]
   Divide by 2:
   \[
   x = \frac{3}{2}
   \]

4. **Solving Case 2**:
   \[
   5x - 1 = -(3x + 2)
   \]
   Simplify the right side:
   \[
   5x - 1 = -3x - 2
   \]
   Add \(3x\) to both sides:
   \[
   8x - 1 = -2
   \]
   Add 1 to both sides:
   \[
   8x = -1
   \]
   Divide by 8:
   \[
   x = -\frac{1}{8}
   \]

5. **Finding the Smallest Value**:
   Comparing the solutions from both cases, we have \(x = \frac{3}{2}\) and \(x = -\frac{1}{8}\). The smallest value is \(-\frac{1}{8}\).

### Conclusion
\[
\boxed{-\frac{1}{8}}
\]",8,8,True
"Find the sum of all integers that satisfy these conditions: \[
|x|+1>7\text{ and }|x+1|\le7.
\]","Let's solve the new problem step by step.

1. **Solve the first inequality:**
   \[
   |x| + 1 > 7
   \]
   Subtract 1 from both sides:
   \[
   |x| > 6
   \]
   This implies:
   \[
   x < -6 \quad \text{or} \quad x > 6
   \]

2. **Solve the second inequality:**
   \[
   |x + 1| \leq 7
   \]
   This implies:
   \[
   -7 \leq x + 1 \leq 7
   \]
   Subtract 1 from all parts:
   \[
   -8 \leq x \leq 6
   \]

3. **Find the intersection of the two solution sets:**
   - From the first inequality: \( x < -6 \) or \( x > 6 \)
   - From the second inequality: \( -8 \leq x \leq 6 \)

   The intersection of these sets is:
   \[
   -8 \leq x < -6
   \]

4. **Identify the integers in the intersection:**
   The integers that satisfy \( -8 \leq x < -6 \) are:
   \[
   -8 \quad \text{and} \quad -7
   \]

5. **Calculate the sum of these integers:**
   \[
   -8 + (-7) = -15
   \]

Thus, the sum of all integers that satisfy the given conditions is:
\[
\boxed{-15}
\]",-15,-15,True
What is the smallest real number $x$ in the domain of the function $$g(x) = \sqrt{(x-3)^2-(x-8)^2}~?$$,"To find the smallest real number \( x \) in the domain of the function
\[ g(x) = \sqrt{(x-3)^2 - (x-8)^2}, \]
we need to determine when the expression inside the square root is nonnegative.

First, simplify the expression inside the square root:
\[
(x-3)^2 - (x-8)^2.
\]

Using the difference of squares formula, \( a^2 - b^2 = (a-b)(a+b) \), we get:
\[
(x-3)^2 - (x-8)^2 = \left[(x-3) - (x-8)\right] \left[(x-3) + (x-8)\right].
\]

Simplify the terms inside the brackets:
\[
(x-3) - (x-8) = x - 3 - x + 8 = 5,
\]
\[
(x-3) + (x-8) = x - 3 + x - 8 = 2x - 11.
\]

Thus, the expression becomes:
\[
(x-3)^2 - (x-8)^2 = 5(2x - 11).
\]

For \( g(x) \) to be defined, the expression inside the square root must be nonnegative:
\[
5(2x - 11) \geq 0.
\]

Since \( 5 \) is positive, the inequality simplifies to:
\[
2x - 11 \geq 0.
\]

Solving for \( x \):
\[
2x \geq 11,
\]
\[
x \geq \frac{11}{2}.
\]

Therefore, the smallest real number \( x \) in the domain of \( g(x) \) is:
\[
\boxed{\frac{11}{2}}.
\]",2,2,True
"Suppose the roots of the polynomial $x^2 - mx + n$ are positive prime integers (not necessarily distinct). Given that $m < 20,$ how many possible values of $n$ are there?","Given the polynomial $x^2 - mx + n$, we know that the sum of the roots is $m$ and the product of the roots is $n$. Let's denote the roots by $p$ and $q$, where $p$ and $q$ are positive prime integers.

1. **Sum of the roots**:
   \[
   p + q = m
   \]
   Since $m < 20$, we need to find all pairs of prime numbers $(p, q)$ such that their sum is less than 20.

2. **Possible pairs of prime numbers**:
   - If $p = 2$, then $q$ can be $3, 5, 7, 11, 13, 17$ (since $2 + q < 20$).
   - If $p = 3$, then $q$ can be $2, 5, 7, 11, 13$ (since $3 + q < 20$).
   - If $p = 5$, then $q$ can be $2, 3, 7, 11$ (since $5 + q < 20$).
   - If $p = 7$, then $q$ can be $2, 3, 5$ (since $7 + q < 20$).
   - If $p = 11$, then $q$ can be $2, 3$ (since $11 + q < 20$).
   - If $p = 13$, then $q$ can be $2$ (since $13 + q < 20$).

3. **List of pairs and corresponding $n$**:
   - $(2, 3)$, $(2, 5)$, $(2, 7)$, $(2, 11)$, $(2, 13)$, $(2, 17)$
   - $(3, 2)$, $(3, 5)$, $(3, 7)$, $(3, 11)$, $(3, 13)$
   - $(5, 2)$, $(5, 3)$, $(5, 7)$, $(5, 11)$
   - $(7, 2)$, $(7, 3)$, $(7, 5)$
   - $(11, 2)$, $(11, 3)$
   - $(13, 2)$

4. **Calculate $n = p \times q$ for each pair**:
   - $(2, 3) \rightarrow n = 6$
   - $(2, 5) \rightarrow n = 10$
   - $(2, 7) \rightarrow n = 14$
   - $(2, 11) \rightarrow n = 22$
   - $(2, 13) \rightarrow n = 26$
   - $(2, 17) \rightarrow n = 34$
   - $(3, 2) \rightarrow n = 6$
   - $(3, 5) \rightarrow n = 15$
   - $(3, 7) \rightarrow n = 21$
   - $(3, 11) \rightarrow n = 33$
   - $(3, 13) \rightarrow n = 39$
   - $(5, 2) \rightarrow n = 10$
   - $(5, 3) \rightarrow n = 15$
   - $(5, 7) \rightarrow n = 35$
   - $(5, 11) \rightarrow n = 55$
   - $(7, 2) \rightarrow n = 14$
   - $(7, 3) \rightarrow n = 21$
   - $(7, 5) \rightarrow n = 35$
   - $(11, 2) \rightarrow n = 22$
   - $(11, 3) \rightarrow n = 33$
   - $(13, 2) \rightarrow n = 26$

5. **Unique values of $n$**:
   - $6, 10, 14, 22, 26, 34, 15, 21, 33, 39, 35, 55$

There are 12 unique values of $n$.

### Conclusion
\[
\boxed{12}
\]",18,12,False
Compute the range of the function $f(x) = \sqrt{x^2}$.,"To find the range of the function \( f(x) = \sqrt{x^2} \), we need to determine the set of all possible output values of the function.

1. **Simplify the function**:
   \[
   f(x) = \sqrt{x^2}
   \]
   Since \(\sqrt{x^2} = |x|\), we can rewrite the function as:
   \[
   f(x) = |x|
   \]

2. **Determine the possible values of \( |x| \)**:
   The absolute value function \( |x| \) is always non-negative. Therefore, \( |x| \geq 0 \) for all real numbers \( x \).

3. **Identify the range**:
   Since \( |x| \) can take any non-negative value, the range of \( f(x) \) is the set of all non-negative real numbers.

Thus, the range of \( f(x) \) is:
\[
[0, \infty)
\]

#### \([0, \infty)\)",0,0,True
